Index, Matrix, , , , , , Eig.val, CR, Eig.vec, , , , , Found vector, , , , , LP. vec, , , , , Vec2, , , , , Vec3, , , , , 
1, 1, 6, 2, 4, 3, 1, 4.1031411408, 0.0388918329, , 1.0000000000, 0.9656043942, 0.2419796797, 0.3428293342, , 0.3856844010, 0.3828398250, 0.0961435687, 0.1353322054, , 0.3850166090, 0.3839084049, 0.0959771012, 0.1350978849, , 0.3769553253, 0.3968078203, 0.0939675810, 0.1322692734, , 0.3845904043, 0.3845904043, 0.0958708567, 0.1349483346
2, 1, 7, 3, 4, 5, 2, 4.2056792644, 0.0775562837, , 1.0000000000, 0.9229441934, 0.2407689637, 0.1991174416, , 0.4091273860, 0.3999671340, 0.1046383258, 0.0862671543, , 0.4054136944, 0.4054136944, 0.1036885129, 0.0854840984, , 0.3966839510, 0.4182168777, 0.1014557957, 0.0836433755, , 0.4016620276, 0.4109159498, 0.1027289875, 0.0846930352
3, 1, 8, 2, 5, 3, 1, 4.1655356890, 0.0624191889, , 1.0000000000, 0.9331090901, 0.1992642532, 0.3191562869, , 0.3973157001, 0.3876240885, 0.0831184959, 0.1319417156, , 0.3940837959, 0.3926053672, 0.0824423811, 0.1308684557, , 0.3865057559, 0.4042852710, 0.0808570542, 0.1283519189, , 0.3935020312, 0.3935020312, 0.0823206759, 0.1306752617
4, 1, 8, 3, 4, 5, 2, 4.2460468875, 0.0927778611, , 1.0000000000, 0.8790108284, 0.2241160430, 0.1913692384, , 0.4173496906, 0.3953254702, 0.1013892379, 0.0859356013, , 0.4131228320, 0.4014495282, 0.1003623821, 0.0850652577, , 0.4034888260, 0.4154076985, 0.0980219358, 0.0830815397, , 0.4083559687, 0.4083559687, 0.0992043397, 0.0840837229
5, 1, 8, 3, 5, 5, 2, 4.2460468875, 0.0927778611, , 1.0000000000, 0.9388404729, 0.2157388595, 0.1937651795, , 0.4106322682, 0.4098461201, 0.0945526909, 0.0849689208, , 0.4103097040, 0.4103097040, 0.0944784169, 0.0849021752, , 0.3863256858, 0.4447791368, 0.0889558274, 0.0799393500, , 0.4045644152, 0.4185667376, 0.0931554996, 0.0837133475
6, 1, 8, 4, 5, 6, 2, 4.1655356890, 0.0624191889, , 1.0000000000, 0.9331090901, 0.1992642532, 0.1595781434, , 0.4245879950, 0.4150874360, 0.0890488125, 0.0712757565, , 0.4205921346, 0.4205921346, 0.0882107609, 0.0706049698, , 0.4121586797, 0.4322100650, 0.0864420130, 0.0691892424, , 0.4193183777, 0.4223468626, 0.0879436160, 0.0703911438
7, 1, 9, 2, 5, 3, 1, 4.1965624410, 0.0741185675, , 1.0000000000, 0.8950262137, 0.1872114309, 0.3083166747, , 0.4044667395, 0.3835117570, 0.0807394645, 0.1312820390, , 0.4003295894, 0.3898176016, 0.0799136085, 0.1299392005, , 0.3961651066, 0.3961651066, 0.0790822964, 0.1285874904, , 0.3964638915, 0.3957096986, 0.0791419397, 0.1286844702
8, 1, 9, 3, 6, 4, 1, 4.1031411408, 0.0388918329, , 1.0000000000, 0.9388581995, 0.1620501807, 0.2352771050, , 0.4205988122, 0.4068547977, 0.0705488772, 0.1019975129, , 0.4201218672, 0.4075274045, 0.0704688772, 0.1018818511, , 0.4137966305, 0.4164475053, 0.0694079176, 0.1003479466, , 0.4148964691, 0.4148964691, 0.0695923983, 0.1006146635
9, 1, 9, 4, 5, 6, 2, 4.1965624410, 0.0741185675, , 1.0000000000, 0.8950262137, 0.1872114309, 0.1541583373, , 0.4319407228, 0.4105941253, 0.0864860642, 0.0709790877, , 0.4254398315, 0.4194649339, 0.0851844122, 0.0699108223, , 0.4227103372, 0.4231894728, 0.0846378946, 0.0694622955, , 0.4229129698, 0.4229129698, 0.0846784670, 0.0694955933
10, 1, 9, 4, 5, 7, 2, 4.1975195493, 0.0744794681, , 1.0000000000, 0.9291559977, 0.1859201626, 0.1487705220, , 0.4270512001, 0.4204779342, 0.0849565685, 0.0675142972, , 0.4252206641, 0.4229620298, 0.0845924060, 0.0672249002, , 0.4058950775, 0.4491874656, 0.0807478189, 0.0641696379, , 0.4242624105, 0.4242624105, 0.0844017732, 0.0670734059
11, 2, 1, 6, 2, 5, 4, 4.1655356890, 0.0624191889, , 1.0000000000, 0.8031726724, 0.6369826901, 0.1537012757, , 0.3807515017, 0.3094592522, 0.2479388474, 0.0618503987, , 0.3807357195, 0.3094464251, 0.2479285704, 0.0618892850, , 0.3801401660, 0.3089623836, 0.2475407561, 0.0633566943, , 0.3807003686, 0.3094176933, 0.2479055505, 0.0619763876
12, 2, 3, 8, 1, 6, 2, 4.1031411408, 0.0388918329, , 1.0000000000, 0.5178104025, 0.3550411910, 0.1252995953, , 0.5022604172, 0.2568514590, 0.1774860971, 0.0634020267, , 0.5047149492, 0.2555848326, 0.1766108496, 0.0630893686, , 0.5078913706, 0.2539456853, 0.1754781877, 0.0626847564, , 0.5168505048, 0.2493224511, 0.1722835016, 0.0615435426
13, 2, 3, 9, 1, 7, 2, 4.1341873483, 0.0505985476, , 1.0000000000, 0.5274589586, 0.3480407720, 0.1150163461, , 0.5047993813, 0.2617929952, 0.1747896203, 0.0586180033, , 0.5139309701, 0.2569654851, 0.1715664681, 0.0575370767, , 0.5143041954, 0.2567681756, 0.1714347318, 0.0574928972, , 0.5158205869, 0.2559665194, 0.1708994952, 0.0573133985
14, 2, 3, 9, 1, 8, 2, 4.1664047899, 0.0627469042, , 1.0000000000, 0.5522236219, 0.3505725783, 0.1122488679, , 0.4997891570, 0.2692450912, 0.1741367478, 0.0568290039, , 0.5055601983, 0.2661387521, 0.1721276942, 0.0561733554, , 0.5108541671, 0.2632892034, 0.1702847224, 0.0555719070, , 0.5184265436, 0.2592132718, 0.1676485760, 0.0547116086
15, 2, 3, 9, 1, 9, 2, 4.1990290086, 0.0750486458, , 1.0000000000, 0.5757403678, 0.3528690676, 0.1098823411, , 0.4952474761, 0.2758626244, 0.1735450686, 0.0553448308, , 0.4966849446, 0.2750770041, 0.1730508352, 0.0551872161, , 0.5077447201, 0.2690325000, 0.1692482400, 0.0539745398, , 0.5222308155, 0.2611154078, 0.1642676004, 0.0523861763
16, 2, 4, 6, 3, 2, 2, 4.1031411408, 0.0388918329, , 1.0000000000, 0.5178104025, 0.2505991907, 0.1775205955, , 0.5152672420, 0.2635619470, 0.1293672421, 0.0918035689, , 0.5163321463, 0.2629829305, 0.1290830366, 0.0916018866, , 0.5209472043, 0.2604736021, 0.1278513531, 0.0907278405, , 0.5319098012, 0.2545129499, 0.1249256154, 0.0886516335
17, 2, 4, 6, 3, 2, 3, 4.1990290086, 0.0750486458, , 1.0000000000, 0.5293036014, 0.2878701839, 0.1648235117, , 0.5071085272, 0.2630664711, 0.1452649558, 0.0845600459, , 0.5072325806, 0.2630002612, 0.1452283948, 0.0845387634, , 0.5163104381, 0.2581552191, 0.1425529690, 0.0829813738, , 0.5410485795, 0.2449519565, 0.1352621449, 0.0787373191
18, 2, 4, 7, 3, 2, 3, 4.1963860424, 0.0740520522, , 1.0000000000, 0.5108201452, 0.2753813210, 0.1533172097, , 0.5178983192, 0.2596390604, 0.1423108457, 0.0801517747, , 0.5185626073, 0.2592813037, 0.1421147555, 0.0800413336, , 0.5378467501, 0.2488957006, 0.1364222994, 0.0768352500, , 0.5414429595, 0.2469589381, 0.1353607399, 0.0762373625
19, 2, 5, 6, 4, 2, 2, 4.1655356890, 0.0624191889, , 1.0000000000, 0.5358430277, 0.2135487214, 0.1710176711, , 0.5232420309, 0.2745100694, 0.1121357172, 0.0901121825, , 0.5314100524, 0.2698070455, 0.1102145601, 0.0885683421, , 0.5352231000, 0.2676115500, 0.1093177134, 0.0878476367, , 0.5404461441, 0.2646041997, 0.1080892288, 0.0868604274
20, 2, 5, 7, 4, 2, 2, 4.1664941603, 0.0627806034, , 1.0000000000, 0.5163405266, 0.2042943678, 0.1589058955, , 0.5340419772, 0.2706723044, 0.1098414041, 0.0854443144, , 0.5374200283, 0.2687100141, 0.1090450880, 0.0848248696, , 0.5410026912, 0.2666288661, 0.1082005382, 0.0841679045, , 0.5620976056, 0.2543749530, 0.1032277834, 0.0802996579
21, 2, 6, 4, 5, 9, 1, 4.1965624410, 0.0741185675, , 1.0000000000, 0.8309528388, 0.1525629509, 0.1548197644, , 0.4621453888, 0.3856934541, 0.0758639928, 0.0762971643, , 0.4619452873, 0.3855264551, 0.0762641288, 0.0762641288, , 0.4615570430, 0.3852024373, 0.0770404875, 0.0762000322, , 0.4616098113, 0.3852464763, 0.0769349685, 0.0762087439
22, 2, 6, 6, 2, 4, 3, 4.1031411408, 0.0388918329, , 1.0000000000, 0.4694290997, 0.2430752711, 0.1176385525, , 0.5361348991, 0.2627219042, 0.1353664597, 0.0657767371, , 0.5359285430, 0.2630056794, 0.1353143577, 0.0657514199, , 0.5318740480, 0.2685813104, 0.1342906552, 0.0652539864, , 0.5332842042, 0.2666421021, 0.1346466997, 0.0654269941
23, 2, 6, 6, 5, 2, 2, 4.2277239245, 0.0858687498, , 1.0000000000, 0.5499446831, 0.1885971416, 0.1660419514, , 0.5285288365, 0.2822401716, 0.1004016668, 0.0888293251, , 0.5306162396, 0.2809905744, 0.0999571460, 0.0884360399, , 0.5448907015, 0.2724453507, 0.0969173423, 0.0857466054, , 0.5609652361, 0.2628225365, 0.0934942060, 0.0827180214
24, 2, 6, 7, 2, 5, 4, 4.1300567145, 0.0490409934, , 1.0000000000, 0.4739395712, 0.2516677312, 0.0960244549, , 0.5365771512, 0.2679178959, 0.1412335513, 0.0542714015, , 0.5363783267, 0.2681891633, 0.1411812183, 0.0542512917, , 0.5288823328, 0.2784163654, 0.1392081827, 0.0534931191, , 0.5347381271, 0.2704269790, 0.1407494981, 0.0540853958
25, 2, 6, 7, 5, 2, 2, 4.2250860825, 0.0848740884, , 1.0000000000, 0.5305382122, 0.1804000224, 0.1545156462, , 0.5392969958, 0.2783755820, 0.0981689741, 0.0841584481, , 0.5472002390, 0.2736001195, 0.0964849102, 0.0827147313, , 0.5611168814, 0.2651911154, 0.0935194802, 0.0801725229, , 0.5611567192, 0.2651670438, 0.0935109914, 0.0801652456
26, 2, 6, 8, 5, 2, 2, 4.2277239245, 0.0858687498, , 1.0000000000, 0.5133651348, 0.1733578611, 0.1451058111, , 0.5482750018, 0.2749979406, 0.0962955364, 0.0804315212, , 0.5490510306, 0.2745255153, 0.0961301081, 0.0802933460, , 0.5612182800, 0.2671184235, 0.0935363800, 0.0781269165, , 0.5875324911, 0.2510990447, 0.0879269028, 0.0734415614
27, 2, 7, 5, 2, 4, 3, 4.1781609472, 0.0671798444, , 1.0000000000, 0.4603511596, 0.2341380070, 0.1236985158, , 0.5318608508, 0.2640543402, 0.1335242871, 0.0705605220, , 0.5308649030, 0.2654324515, 0.1332742532, 0.0704283923, , 0.5223602935, 0.2772004363, 0.1311391611, 0.0693001091, , 0.5302730891, 0.2662513553, 0.1331256776, 0.0703498780
28, 2, 7, 5, 2, 4, 4, 4.2609755478, 0.0984070693, , 1.0000000000, 0.4510249459, 0.2545442235, 0.1154232182, , 0.5256964021, 0.2620138628, 0.1455058610, 0.0667838741, , 0.5252581591, 0.2626290796, 0.1453845611, 0.0667282002, , 0.5108819201, 0.2828108138, 0.1414054069, 0.0649018591, , 0.5230176972, 0.2657742978, 0.1447644306, 0.0664435744
29, 2, 7, 6, 2, 4, 3, 4.1364976259, 0.0514696930, , 1.0000000000, 0.4458841623, 0.2242393441, 0.1125089821, , 0.5461329076, 0.2589229710, 0.1297248314, 0.0652192899, , 0.5458454153, 0.2593130848, 0.1296565424, 0.0651849576, , 0.5385164100, 0.2692582050, 0.1279156585, 0.0643097264, , 0.5450677423, 0.2603683509, 0.1294718190, 0.0650920877
30, 2, 7, 7, 2, 5, 4, 4.1664941603, 0.0627806034, , 1.0000000000, 0.4495023373, 0.2320962736, 0.0918307958, , 0.5465176090, 0.2640947027, 0.1355112397, 0.0538764486, , 0.5436430744, 0.2679653653, 0.1347984873, 0.0535930731, , 0.5415547462, 0.2707773731, 0.1342806779, 0.0533872028, , 0.5427575062, 0.2691578142, 0.1345789071, 0.0535057725
31, 2, 7, 8, 2, 6, 5, 4.1887790135, 0.0711836401, , 1.0000000000, 0.4520433502, 0.2375547343, 0.0777261466, , 0.5467157040, 0.2677436593, 0.1395425392, 0.0459980975, , 0.5436634725, 0.2718317362, 0.1387634942, 0.0457412971, , 0.5405847062, 0.2759553531, 0.1379776766, 0.0454822641, , 0.5422449347, 0.2737316877, 0.1384014297, 0.0456219479
32, 2, 7, 8, 2, 6, 6, 4.2421159985, 0.0912956254, , 1.0000000000, 0.4464658536, 0.2505828098, 0.0743880778, , 0.5420921105, 0.2662447257, 0.1472426082, 0.0444205556, , 0.5419411213, 0.2664490990, 0.1472015966, 0.0444081832, , 0.5272036216, 0.2863972183, 0.1431986092, 0.0432005509, , 0.5395017846, 0.2697508923, 0.1465390260, 0.0442082970
33, 2, 7, 9, 8, 6, 1, 4.0576377372, 0.0217336867, , 1.0000000000, 0.6609020648, 0.1090730066, 0.1080358402, , 0.5294467383, 0.3527217925, 0.0591187425, 0.0587127268, , 0.5294074358, 0.3526956088, 0.0591143539, 0.0587826015, , 0.5292318618, 0.3525786400, 0.0590947491, 0.0590947491, , 0.5293860238, 0.3526813439, 0.0591119630, 0.0588206693
34, 2, 8, 6, 2, 5, 4, 4.2460468875, 0.0927778611, , 1.0000000000, 0.4395054142, 0.2241160430, 0.0956846192, , 0.5426742639, 0.2654414054, 0.1344755717, 0.0574087589, , 0.5407762808, 0.2680104968, 0.1340052484, 0.0572079739, , 0.5311990943, 0.2809740831, 0.1316320059, 0.0561948166, , 0.5394935574, 0.2697467787, 0.1336873875, 0.0570722764
35, 2, 8, 6, 6, 2, 1, 4.1031411408, 0.0388918329, , 1.0000000000, 0.5178104025, 0.1252995953, 0.1775205955, , 0.5508099574, 0.2814344899, 0.0695952923, 0.0981602605, , 0.5534678866, 0.2797691970, 0.0691834858, 0.0975794305, , 0.5561622072, 0.2780811036, 0.0687660411, 0.0969906481, , 0.5673174898, 0.2710918987, 0.0670376966, 0.0945529150
36, 2, 8, 7, 2, 5, 4, 4.2035120193, 0.0767390721, , 1.0000000000, 0.4286716005, 0.2160792969, 0.0882192061, , 0.5545497291, 0.2609180256, 0.1309809638, 0.0535512814, , 0.5539714372, 0.2616887502, 0.1308443751, 0.0534954374, , 0.5456250284, 0.2728125142, 0.1288730088, 0.0526894486, , 0.5507832631, 0.2659378228, 0.1300913496, 0.0531875646
37, 2, 8, 8, 2, 6, 5, 4.2277239245, 0.0858687498, , 1.0000000000, 0.4307201727, 0.2211167195, 0.0746687279, , 0.5547178869, 0.2645571721, 0.1349726273, 0.0457523137, , 0.5517450392, 0.2684985622, 0.1342492811, 0.0455071176, , 0.5477062764, 0.2738531382, 0.1332665790, 0.0451740064, , 0.5492491722, 0.2718075729, 0.1336419927, 0.0453012622
38, 2, 8, 9, 2, 7, 6, 4.2462942457, 0.0928711334, , 1.0000000000, 0.4322497455, 0.2248335402, 0.0647918259, , 0.5548277522, 0.2672699720, 0.1379201557, 0.0399821201, , 0.5501130962, 0.2734963549, 0.1367481774, 0.0396423715, , 0.5479212764, 0.2763909689, 0.1362033306, 0.0394844241, , 0.5492561505, 0.2746280752, 0.1365351562, 0.0395806181
39, 2, 9, 6, 3, 4, 2, 4.1031411408, 0.0388918329, , 1.0000000000, 0.4694290997, 0.1620501807, 0.1176385525, , 0.5606917765, 0.2753501475, 0.0950334016, 0.0689246745, , 0.5604964152, 0.2756026365, 0.0950002892, 0.0689006591, , 0.5552777863, 0.2823473023, 0.0941157674, 0.0682591439, , 0.5579046296, 0.2789523148, 0.0945609993, 0.0685820563
40, 2, 9, 6, 7, 2, 1, 4.1341873483, 0.0505985476, , 1.0000000000, 0.5274589586, 0.1150163461, 0.1740203860, , 0.5527270585, 0.2863131314, 0.0642581962, 0.0967016139, , 0.5614537793, 0.2807268897, 0.0630044576, 0.0948148734, , 0.5638900375, 0.2791673660, 0.0626544486, 0.0942881478, , 0.5646905061, 0.2786549615, 0.0625394480, 0.0941150844
41, 2, 9, 6, 8, 2, 1, 4.1664047899, 0.0627469042, , 1.0000000000, 0.5522236219, 0.1122488679, 0.1752862891, , 0.5470184202, 0.2942232438, 0.0622812115, 0.0964771245, , 0.5530577205, 0.2903005621, 0.0614508578, 0.0951908596, , 0.5609981389, 0.2851430551, 0.0603591161, 0.0934996898, , 0.5650380530, 0.2825190265, 0.0598036614, 0.0926392590
42, 2, 9, 6, 9, 2, 1, 4.1990290086, 0.0750486458, , 1.0000000000, 0.5757403678, 0.1098823411, 0.1764345338, , 0.5418523848, 0.3012232568, 0.0606424347, 0.0962819237, , 0.5436456417, 0.3000442248, 0.0604050713, 0.0959050622, , 0.5577039042, 0.2908011873, 0.0585442578, 0.0929506507, , 0.5680273888, 0.2840136944, 0.0571777959, 0.0907811208
43, 2, 9, 7, 7, 2, 1, 4.1372066176, 0.0517370353, , 1.0000000000, 0.5079200166, 0.1100457126, 0.1615650244, , 0.5635353903, 0.2819320038, 0.0628890681, 0.0916435378, , 0.5636787730, 0.2818393865, 0.0628684084, 0.0916134321, , 0.5646091609, 0.2812384074, 0.0627343512, 0.0914180805, , 0.5951048146, 0.2615399013, 0.0583403105, 0.0850149735
44, 2, 9, 9, 7, 3, 2, 4.2085683386, 0.0786456782, , 1.0000000000, 0.5362812496, 0.1271732729, 0.1101607093, , 0.5668456705, 0.2963975857, 0.0731819067, 0.0635748371, , 0.5691412270, 0.2948267889, 0.0727940699, 0.0632379141, , 0.5778015106, 0.2889007553, 0.0713309054, 0.0619668288, , 0.6032627719, 0.2714781974, 0.0670291969, 0.0582298338
45, 2, 9, 9, 8, 3, 2, 4.2469123930, 0.0931042206, , 1.0000000000, 0.5632463824, 0.1244010233, 0.1112011576, , 0.5609194870, 0.3044707716, 0.0710562606, 0.0635534808, , 0.5657233855, 0.3011396134, 0.0702788472, 0.0628581539, , 0.5810388623, 0.2905194312, 0.0678003484, 0.0606413581, , 0.5929113082, 0.2822867434, 0.0658790342, 0.0589229141
46, 3, 2, 6, 1, 6, 4, 4.1031411408, 0.0388918329, , 1.0000000000, 0.4861505421, 0.4694290997, 0.1176385525, , 0.4747947773, 0.2357616015, 0.2314581909, 0.0579854303, , 0.4745653106, 0.2356476588, 0.2318296244, 0.0579574061, , 0.4719915263, 0.2343696340, 0.2359957631, 0.0576430766, , 0.4727602956, 0.2347513700, 0.2347513700, 0.0577369644
47, 3, 2, 7, 1, 7, 5, 4.1027151377, 0.0387311982, , 1.0000000000, 0.4848492133, 0.4771518376, 0.0991234032, , 0.4773634556, 0.2368010183, 0.2366819961, 0.0491535300, , 0.4773066455, 0.2367728371, 0.2367728371, 0.0491476803, , 0.4730653476, 0.2346688979, 0.2435547954, 0.0487109591, , 0.4764107619, 0.2363284249, 0.2382053810, 0.0490554323
48, 3, 2, 7, 1, 8, 5, 4.1300567145, 0.0490409934, , 1.0000000000, 0.5033354625, 0.4739395712, 0.0960244549, , 0.4735534717, 0.2439195449, 0.2349053221, 0.0476216613, , 0.4726689126, 0.2434639231, 0.2363344563, 0.0475327079, , 0.4693228906, 0.2417404427, 0.2417404427, 0.0471962240, , 0.4720415301, 0.2431407688, 0.2373480843, 0.0474696169
49, 3, 2, 9, 1, 9, 6, 4.1031411408, 0.0388918329, , 1.0000000000, 0.4861505421, 0.4694290997, 0.0784257017, , 0.4840382194, 0.2403815967, 0.2360862714, 0.0394939125, , 0.4836139913, 0.2401709179, 0.2367557921, 0.0394592987, , 0.4811834358, 0.2389638628, 0.2405917179, 0.0392609835, , 0.4819680100, 0.2393534956, 0.2393534956, 0.0393249989
50, 3, 3, 9, 2, 2, 5, 4.2277239245, 0.0858687498, , 1.0000000000, 0.3869488295, 0.3422434232, 0.1155719074, , 0.5441457873, 0.2069565633, 0.1849477917, 0.0639498578, , 0.5489707127, 0.2047660603, 0.1829902376, 0.0632729894, , 0.5580250954, 0.2006553954, 0.1793167208, 0.0620027884, , 0.5766285009, 0.1922095003, 0.1717690035, 0.0593929954
51, 3, 3, 9, 4, 5, 2, 4.1655356890, 0.0624191889, , 1.0000000000, 0.5354484482, 0.2123275634, 0.1024675171, , 0.5291967621, 0.2932721129, 0.1190725740, 0.0584585510, , 0.5290931278, 0.2932146805, 0.1190492556, 0.0586429361, , 0.5286270417, 0.2929563832, 0.1189443834, 0.0594721917, , 0.5290163203, 0.2931721150, 0.1190319735, 0.0587795911
52, 3, 4, 8, 2, 2, 3, 4.1031411408, 0.0388918329, , 1.0000000000, 0.3550411910, 0.2589052012, 0.1252995953, , 0.5752418483, 0.2031690786, 0.1489341578, 0.0726549154, , 0.5777741372, 0.2019578415, 0.1480462541, 0.0722217672, , 0.5837723438, 0.1990887969, 0.1459430859, 0.0711957734, , 0.5893141577, 0.1964380526, 0.1439999440, 0.0702478457
53, 3, 4, 9, 2, 2, 3, 4.1031411408, 0.0388918329, , 1.0000000000, 0.3452069350, 0.2505991907, 0.1183470637, , 0.5834152999, 0.2005225858, 0.1464725295, 0.0695895848, , 0.5844437260, 0.2000275540, 0.1461109315, 0.0694177884, , 0.5908425138, 0.1969475046, 0.1438610970, 0.0683488846, , 0.6005481735, 0.1922756960, 0.1404485556, 0.0667275748
54, 3, 4, 9, 2, 2, 4, 4.1664047899, 0.0627469042, , 1.0000000000, 0.3505725783, 0.2761118110, 0.1122488679, , 0.5756027041, 0.2004667100, 0.1584155064, 0.0655150796, , 0.5814758584, 0.1976924889, 0.1562232240, 0.0646084287, , 0.5862757254, 0.1954252418, 0.1544315694, 0.0638674634, , 0.5988908303, 0.1894664183, 0.1497227076, 0.0619200438
55, 3, 4, 9, 2, 9, 3, 4.1031411408, 0.0388918329, , 1.0000000000, 0.4861505421, 0.2347145499, 0.0784257017, , 0.5478033366, 0.2726675573, 0.1346334492, 0.0448956569, , 0.5477740190, 0.2726529645, 0.1346797624, 0.0448932541, , 0.5465368005, 0.2720371425, 0.1366342001, 0.0447918569, , 0.5468734715, 0.2722047196, 0.1361023598, 0.0448194490
56, 3, 5, 8, 9, 5, 1, 4.2489050133, 0.0938555857, , 1.0000000000, 0.5943230283, 0.1159754515, 0.1107573338, , 0.5348174405, 0.3308174341, 0.0682271101, 0.0661380152, , 0.5348038182, 0.3308090079, 0.0682253723, 0.0661618016, , 0.5337024854, 0.3301277659, 0.0680848743, 0.0680848743, , 0.5344357653, 0.3305813445, 0.0681784195, 0.0668044707
57, 3, 5, 9, 3, 2, 3, 4.1965624410, 0.0741185675, , 1.0000000000, 0.3724285705, 0.2091686568, 0.1148259384, , 0.5902267268, 0.2168152723, 0.1241551266, 0.0688028744, , 0.6017749129, 0.2107050077, 0.1206562002, 0.0668638792, , 0.6023737730, 0.2103881446, 0.1204747546, 0.0667633278, , 0.6135013253, 0.2045004418, 0.1171032740, 0.0648949590
58, 3, 6, 8, 3, 2, 2, 4.1031411408, 0.0388918329, , 1.0000000000, 0.3550411910, 0.1726034675, 0.1252995953, , 0.6049896125, 0.2136113468, 0.1049645042, 0.0764345365, , 0.6075354045, 0.2122346487, 0.1042880212, 0.0759419256, , 0.6145478290, 0.2084425119, 0.1024246382, 0.0745850210, , 0.6186585777, 0.2062195259, 0.1013323056, 0.0737895908
59, 3, 6, 9, 3, 2, 2, 4.1031411408, 0.0388918329, , 1.0000000000, 0.3452069350, 0.1670661271, 0.1183470637, , 0.6130960496, 0.2106474880, 0.1031021082, 0.0731543542, , 0.6152187338, 0.2094918056, 0.1025364556, 0.0727530050, , 0.6202529204, 0.2067509735, 0.1011949463, 0.0718011598, , 0.6298608148, 0.2015200142, 0.0986346360, 0.0699845350
60, 3, 6, 9, 3, 2, 3, 4.1990290086, 0.0750486458, , 1.0000000000, 0.3528690676, 0.1919134559, 0.1098823411, , 0.6041101112, 0.2116108628, 0.1166295165, 0.0676495095, , 0.6059760017, 0.2106135080, 0.1160798234, 0.0673306669, , 0.6159102983, 0.2053034328, 0.1131531707, 0.0656330981, , 0.6386768121, 0.1931342874, 0.1064461354, 0.0617427652
61, 3, 6, 9, 8, 5, 1, 4.1655356890, 0.0624191889, , 1.0000000000, 0.5354484482, 0.1061637817, 0.1024675171, , 0.5621678590, 0.3116120209, 0.0639124845, 0.0623076356, , 0.5621595567, 0.3116074189, 0.0639115406, 0.0623214838, , 0.5612671101, 0.3111127320, 0.0638100789, 0.0638100789, , 0.5620804781, 0.3115635853, 0.0639025502, 0.0624533865
62, 3, 7, 8, 5, 2, 2, 4.2322616064, 0.0875797913, , 1.0000000000, 0.4058247057, 0.1460619722, 0.1240442105, , 0.5981442595, 0.2372537945, 0.0889774316, 0.0756245144, , 0.6008789791, 0.2356392286, 0.0883719199, 0.0751098724, , 0.6078299811, 0.2315353887, 0.0868328544, 0.0738017757, , 0.6391437131, 0.2130479044, 0.0798994822, 0.0679089004
63, 3, 7, 9, 4, 2, 2, 4.1657840758, 0.0625128491, , 1.0000000000, 0.3643716391, 0.1471072308, 0.1158798381, , 0.6148179638, 0.2215497881, 0.0914574722, 0.0721747759, , 0.6243535028, 0.2160651174, 0.0891933575, 0.0703880223, , 0.6277553343, 0.2141084450, 0.0883856280, 0.0697505927, , 0.6331010522, 0.2110336841, 0.0871163428, 0.0687489209
64, 3, 7, 9, 5, 2, 2, 4.2299594635, 0.0867117132, , 1.0000000000, 0.3946943330, 0.1413505592, 0.1173802834, , 0.6061408089, 0.2341476021, 0.0873019184, 0.0724096706, , 0.6080896301, 0.2329890363, 0.0868699472, 0.0720513865, , 0.6232981565, 0.2239476324, 0.0834988603, 0.0692553507, , 0.6407384169, 0.2135794723, 0.0796330925, 0.0660490183
65, 3, 8, 9, 4, 2, 2, 4.1664047899, 0.0627469042, , 1.0000000000, 0.3505725783, 0.1380559055, 0.1122488679, , 0.6243613971, 0.2173270354, 0.0871739091, 0.0711376585, , 0.6302323930, 0.2139303500, 0.0858114355, 0.0700258214, , 0.6344575725, 0.2114858575, 0.0848309042, 0.0692256657, , 0.6499271722, 0.2025358662, 0.0812408965, 0.0662960651
66, 3, 8, 9, 5, 2, 2, 4.2267444443, 0.0854994134, , 1.0000000000, 0.3797329651, 0.1328489663, 0.1138615354, , 0.6157836345, 0.2296510584, 0.0831754558, 0.0713898512, , 0.6257845523, 0.2236733813, 0.0810104494, 0.0695316169, , 0.6339471799, 0.2187944740, 0.0792433975, 0.0680149487, , 0.6419798076, 0.2139932692, 0.0775044880, 0.0665224352
67, 3, 9, 9, 2, 4, 3, 4.1031411408, 0.0388918329, , 1.0000000000, 0.3129527332, 0.1620501807, 0.0784257017, , 0.6318181445, 0.2084200252, 0.1076412857, 0.0521205447, , 0.6317788771, 0.2084692217, 0.1076345958, 0.0521173054, , 0.6275118157, 0.2138152543, 0.1069076271, 0.0517653029, , 0.6304399882, 0.2101466627, 0.1074064926, 0.0520068565
68, 3, 9, 9, 5, 2, 2, 4.2277239245, 0.0858687498, , 1.0000000000, 0.3666297888, 0.1257314278, 0.1106946343, , 0.6239691734, 0.2257140955, 0.0798040642, 0.0705126669, , 0.6279297968, 0.2233367146, 0.0789635112, 0.0697699774, , 0.6429543995, 0.2143181332, 0.0757748780, 0.0669525892, , 0.6563629465, 0.2062695961, 0.0729292163, 0.0644382411
69, 4, 2, 5, 1, 7, 4, 4.2609755478, 0.0984070693, , 1.0000000000, 0.4553876480, 0.4334371963, 0.1145101127, , 0.4788581147, 0.2319085715, 0.2290454301, 0.0601878837, , 0.4774909905, 0.2312464801, 0.2312464801, 0.0600160493, , 0.4733174115, 0.2292252368, 0.2379658814, 0.0594914703, , 0.4739369303, 0.2295252667, 0.2369684651, 0.0595693379
70, 4, 2, 7, 1, 9, 5, 4.2370791712, 0.0893963692, , 1.0000000000, 0.4468136352, 0.4248930807, 0.0857197813, , 0.4917069980, 0.2329231000, 0.2291501220, 0.0462197799, , 0.4907506343, 0.2324700676, 0.2306494151, 0.0461298830, , 0.4836287645, 0.2290964162, 0.2418143822, 0.0454604371, , 0.4898587717, 0.2320475896, 0.2320475896, 0.0460460492
71, 4, 3, 7, 1, 4, 3, 4.0576377372, 0.0217336867, , 1.0000000000, 0.3304510324, 0.3241075205, 0.1090730066, , 0.5613462978, 0.1891100316, 0.1867783056, 0.0627653650, , 0.5611571166, 0.1890462990, 0.1870523722, 0.0627442122, , 0.5600404370, 0.1886701046, 0.1886701046, 0.0626193538, , 0.5604955835, 0.1888234374, 0.1880107343, 0.0626702448
72, 4, 4, 5, 2, 7, 2, 4.2609755478, 0.0984070693, , 1.0000000000, 0.4553876480, 0.2167185981, 0.1145101127, , 0.5384452693, 0.2621778649, 0.1310761032, 0.0683007626, , 0.5384383615, 0.2621745014, 0.1310872507, 0.0682998863, , 0.5354864806, 0.2607371820, 0.1358508916, 0.0679254458, , 0.5365484556, 0.2612542751, 0.1341371139, 0.0680601553
73, 4, 5, 7, 2, 6, 2, 4.1300567145, 0.0490409934, , 1.0000000000, 0.3823131603, 0.1861369574, 0.0957313266, , 0.5886788902, 0.2347212667, 0.1168709831, 0.0597288601, , 0.5883907845, 0.2346063916, 0.1173031958, 0.0596996282, , 0.5871600614, 0.2341156710, 0.1191495118, 0.0595747559, , 0.5881702435, 0.2345184563, 0.1176340487, 0.0596772515
74, 4, 6, 9, 7, 4, 1, 4.2065464790, 0.0778832877, , 1.0000000000, 0.4247118326, 0.1019468587, 0.0995575552, , 0.5982138726, 0.2691011663, 0.0666829766, 0.0660019845, , 0.5979351012, 0.2689757634, 0.0666519019, 0.0664372335, , 0.5974531313, 0.2687589536, 0.0665981767, 0.0671897384, , 0.5978067709, 0.2689180352, 0.0666375969, 0.0666375969
75, 5, 3, 4, 1, 3, 2, 4.1502080216, 0.0566395255, , 1.0000000000, 0.3154776196, 0.3086358520, 0.1617280919, , 0.5451237845, 0.1812960137, 0.1800993516, 0.0934808502, , 0.5444722352, 0.1810793229, 0.1810793229, 0.0933691189, , 0.5414084508, 0.1800603766, 0.1856874484, 0.0928437242, , 0.5442483194, 0.1810048535, 0.1814161065, 0.0933307206
76, 5, 3, 6, 1, 5, 3, 4.1758393549, 0.0663044325, , 1.0000000000, 0.3250398195, 0.3066173093, 0.1051313883, , 0.5590896383, 0.1923917391, 0.1853554149, 0.0631632076, , 0.5585267563, 0.1921980423, 0.1861755854, 0.0630996160, , 0.5551831895, 0.1910474672, 0.1910474672, 0.0627218762, , 0.5567877619, 0.1915996264, 0.1887094588, 0.0629031529
77, 5, 3, 8, 1, 6, 4, 4.1502080216, 0.0566395255, , 1.0000000000, 0.3154776196, 0.3086358520, 0.0808640460, , 0.5712478314, 0.1902424417, 0.1891603647, 0.0493493623, , 0.5706303654, 0.1900368072, 0.1900368072, 0.0492960202, , 0.5665808570, 0.1886882010, 0.1957847536, 0.0489461884, , 0.5705314840, 0.1900038768, 0.1901771613, 0.0492874780
78, 5, 3, 8, 1, 7, 4, 4.1887790135, 0.0711836401, , 1.0000000000, 0.3296582579, 0.3056734918, 0.0779334061, , 0.5662326127, 0.1979526675, 0.1880559805, 0.0477587394, , 0.5658431860, 0.1978165254, 0.1886143953, 0.0477258933, , 0.5606837016, 0.1960127902, 0.1960127902, 0.0472907179, , 0.5645508287, 0.1973647225, 0.1904675590, 0.0476168898
79, 5, 3, 9, 1, 6, 4, 4.1252322987, 0.0472218321, , 1.0000000000, 0.3067688220, 0.3022016285, 0.0760870337, , 0.5802795332, 0.1866381263, 0.1862800295, 0.0468023110, , 0.5800718113, 0.1865713157, 0.1865713157, 0.0467855572, , 0.5761620021, 0.1853137848, 0.1920540007, 0.0464702125, , 0.5797408297, 0.1864648605, 0.1870354478, 0.0467588620
80, 5, 5, 7, 2, 7, 2, 4.2286797826, 0.0862291790, , 1.0000000000, 0.3545789376, 0.1703210824, 0.0863113832, , 0.5984720196, 0.2298433402, 0.1143528677, 0.0573317725, , 0.5982861457, 0.2297719553, 0.1146279327, 0.0573139663, , 0.5952922445, 0.2286221467, 0.1190584489, 0.0570271599, , 0.5981318008, 0.2297126791, 0.1148563395, 0.0572991806
81, 6, 3, 6, 1, 5, 3, 4.2277239245, 0.0858687498, , 1.0000000000, 0.2948222927, 0.2871467818, 0.0995583038, , 0.5708657222, 0.1836929499, 0.1826898186, 0.0627515093, , 0.5702936428, 0.1835088664, 0.1835088664, 0.0626886244, , 0.5665605670, 0.1823076387, 0.1888535223, 0.0622782719, , 0.5677066001, 0.1826764088, 0.1872127434, 0.0624042478
82, 6, 3, 8, 1, 7, 4, 4.2421159985, 0.0912956254, , 1.0000000000, 0.2989456110, 0.2860537598, 0.0737851317, , 0.5780529490, 0.1890897347, 0.1853741322, 0.0474831840, , 0.5759130849, 0.1883897533, 0.1883897533, 0.0473074085, , 0.5738579418, 0.1877174854, 0.1912859806, 0.0471385923, , 0.5754297925, 0.1882316611, 0.1890708371, 0.0472677093
83, 6, 6, 8, 2, 7, 2, 4.2421159985, 0.0912956254, , 1.0000000000, 0.2989456110, 0.1430268799, 0.0737851317, , 0.6349648318, 0.2091341129, 0.1033243501, 0.0525767052, , 0.6341767363, 0.2088745432, 0.1044372716, 0.0525114488, , 0.6333794060, 0.2086119318, 0.1055632343, 0.0524454279, , 0.6338055633, 0.2087522924, 0.1049614295, 0.0524807148
84, 7, 4, 8, 1, 5, 3, 4.1887790135, 0.0711836401, , 1.0000000000, 0.2375547343, 0.2260216751, 0.0777261466, , 0.6282605387, 0.1618745977, 0.1565002486, 0.0533646150, , 0.6279058434, 0.1617832086, 0.1569764609, 0.0533344871, , 0.6249020966, 0.1610092777, 0.1610092777, 0.0530793480, , 0.6260109081, 0.1612949687, 0.1595205924, 0.0531735308
85, 7, 7, 9, 2, 7, 2, 4.2525903253, 0.0952452207, , 1.0000000000, 0.2584751048, 0.1232949612, 0.0644666514, , 0.6648842870, 0.1921845657, 0.0943823536, 0.0485487938, , 0.6644848545, 0.1920691099, 0.0949264078, 0.0485196278, , 0.6630838592, 0.1916641527, 0.0968346588, 0.0484173294, , 0.6637493226, 0.1918565046, 0.0959282523, 0.0484659205
86, 8, 4, 8, 1, 5, 3, 4.2277239245, 0.0858687498, , 1.0000000000, 0.2211167195, 0.2153600864, 0.0746687279, , 0.6357928399, 0.1564951075, 0.1546812329, 0.0530308197, , 0.6346416795, 0.1562117590, 0.1562117590, 0.0529348026, , 0.6330005314, 0.1558078040, 0.1583937484, 0.0527979161, , 0.6330914532, 0.1558301837, 0.1582728633, 0.0528054998
87, 1, 3, 3, 4, 2, 0.3333333333, 4.1031411408, 0.0388918329, , 1.0000000000, 0.9388581995, 0.2352771050, 0.4861505421, , 0.3703833912, 0.3568880007, 0.0894873018, 0.1832413063, , 0.3699907546, 0.3575697519, 0.0893924380, 0.1830470556, , 0.3654514807, 0.3654514807, 0.0882957166, 0.1808013219, , 0.3668634785, 0.3629997707, 0.0886368655, 0.1814998853
88, 1, 3, 4, 5, 2, 0.25, 4.2460468875, 0.0927778611, , 1.0000000000, 0.8790108284, 0.1913692384, 0.4482320860, , 0.3820310877, 0.3592922215, 0.0781593705, 0.1805173203, , 0.3813665873, 0.3604066611, 0.0780234210, 0.1802033306, , 0.3703629399, 0.3788609773, 0.0757721955, 0.1750038874, , 0.3735372736, 0.3735372736, 0.0764216293, 0.1765038235
89, 1, 3, 5, 4, 3, 0.5, 4.1252322987, 0.0472218321, , 1.0000000000, 0.9066048855, 0.2282611011, 0.3067688220, , 0.4008210353, 0.3769039246, 0.0949339083, 0.1273411318, , 0.3996892319, 0.3786633688, 0.0946658422, 0.1269815571, , 0.3914584795, 0.3914584795, 0.0927163999, 0.1243666411, , 0.3987794953, 0.3800775993, 0.0944503723, 0.1266925331
90, 1, 3, 5, 5, 3, 0.3333333333, 4.2252621379, 0.0849404743, , 1.0000000000, 0.9315665148, 0.1963527610, 0.3409274681, , 0.3918811379, 0.3863007808, 0.0815647177, 0.1402533636, , 0.3897064368, 0.3897064368, 0.0811120833, 0.1394750431, , 0.3788270202, 0.4067439741, 0.0788476810, 0.1355813247, , 0.3836244624, 0.3992310161, 0.0798462032, 0.1372983183
91, 1, 4, 3, 6, 2, 0.2, 4.1502080216, 0.0566395255, , 1.0000000000, 0.9541813309, 0.1625555667, 0.5152681413, , 0.3727285373, 0.3683130850, 0.0630075524, 0.1959508253, , 0.3710900071, 0.3710900071, 0.0627305686, 0.1950894173, , 0.3641390201, 0.3828702896, 0.0615555454, 0.1914351448, , 0.3691360208, 0.3744015526, 0.0624002588, 0.1940621677
92, 1, 4, 4, 6, 2, 0.2, 4.2277239245, 0.0858687498, , 1.0000000000, 0.8614403454, 0.1493374557, 0.4422334390, , 0.3928708000, 0.3614032224, 0.0628939770, 0.1828320006, , 0.3912039664, 0.3641125980, 0.0626271366, 0.1820562990, , 0.3808852634, 0.3808852634, 0.0609752341, 0.1772542391, , 0.3866988392, 0.3714355136, 0.0619059189, 0.1799597283
93, 1, 4, 5, 6, 3, 0.3333333333, 4.1502080216, 0.0566395255, , 1.0000000000, 0.9259075560, 0.1617280919, 0.3154776196, , 0.4058696674, 0.3921433229, 0.0686763675, 0.1333106421, , 0.4027329402, 0.3968410885, 0.0681456084, 0.1322803628, , 0.3979446467, 0.4040123467, 0.0673353911, 0.1307076154, , 0.4003739960, 0.4003739960, 0.0677464563, 0.1315055516
94, 1, 4, 5, 6, 3, 0.25, 4.2277239245, 0.0858687498, , 1.0000000000, 0.9091823511, 0.1509624118, 0.3429383853, , 0.4025191873, 0.3877783127, 0.0648861402, 0.1448163598, , 0.4019008515, 0.3887187862, 0.0647864644, 0.1445938980, , 0.3845709656, 0.4150771123, 0.0619928847, 0.1383590374, , 0.3966718966, 0.3966718966, 0.0639435562, 0.1427126505
95, 1, 4, 5, 7, 3, 0.25, 4.2250860825, 0.0848740884, , 1.0000000000, 0.9424391843, 0.1456215996, 0.3400321000, , 0.3984987985, 0.3974000690, 0.0617148028, 0.1423863296, , 0.3980614367, 0.3980614367, 0.0616470694, 0.1422300573, , 0.3851705305, 0.4175547431, 0.0596506776, 0.1376240489, , 0.3869826139, 0.4148145558, 0.0599313117, 0.1382715186
96, 1, 4, 6, 6, 4, 0.5, 4.1031411408, 0.0388918329, , 1.0000000000, 0.9656043942, 0.1714146671, 0.2419796797, , 0.4131225380, 0.4106778812, 0.0730394333, 0.1031601474, , 0.4123132873, 0.4118322830, 0.0728963590, 0.1029580707, , 0.4020427549, 0.4264832675, 0.0710805446, 0.1003934330, , 0.4121150582, 0.4121150582, 0.0728613124, 0.1029085713
97, 1, 4, 7, 6, 4, 0.3333333333, 4.2421159985, 0.0912956254, , 1.0000000000, 0.8929317071, 0.1487761557, 0.2505828098, , 0.4197639032, 0.4006113104, 0.0672457843, 0.1123790021, , 0.4185653849, 0.4023226970, 0.0670537828, 0.1120581353, , 0.4001926048, 0.4285575317, 0.0641104806, 0.1071393829, , 0.4118754210, 0.4118754210, 0.0659820569, 0.1102671012
98, 1, 4, 7, 7, 4, 0.3333333333, 4.2394806085, 0.0903018886, , 1.0000000000, 0.9257492231, 0.1435666986, 0.2484949416, , 0.4153825325, 0.4103360798, 0.0639353190, 0.1103460688, , 0.4132968495, 0.4132968495, 0.0636142924, 0.1097920086, , 0.4004802024, 0.4314909567, 0.0616415652, 0.1063872756, , 0.4028740212, 0.4280927673, 0.0620100197, 0.1070231918
99, 1, 5, 3, 7, 2, 0.2, 4.1027151377, 0.0387311982, , 1.0000000000, 0.9497172484, 0.1394645883, 0.4852249826, , 0.3826456026, 0.3732188174, 0.0549878493, 0.1891477307, , 0.3807128589, 0.3763846903, 0.0547101056, 0.1881923452, , 0.3782218712, 0.3804649782, 0.0543521397, 0.1869610108, , 0.3790721707, 0.3790721707, 0.0544743315, 0.1873813272
100, 1, 5, 3, 8, 2, 0.125, 4.2162216693, 0.0815315495, , 1.0000000000, 0.9548925806, 0.1207700322, 0.5524929759, , 0.3717416886, 0.3715018118, 0.0474958969, 0.2092606027, , 0.3716525378, 0.3716525378, 0.0474845064, 0.2092104180, , 0.3550475673, 0.3997263164, 0.0453629581, 0.1998631582, , 0.3686211765, 0.3767776156, 0.0470972020, 0.2075040060
101, 1, 5, 3, 8, 2, 0.1111111111, 4.2541459055, 0.0958317894, , 1.0000000000, 0.9481448365, 0.1174430553, 0.5729285974, , 0.3696874141, 0.3687596933, 0.0463620864, 0.2151908063, , 0.3693447653, 0.3693447653, 0.0463191152, 0.2149913543, , 0.3482288820, 0.4054000814, 0.0436709958, 0.2027000407, , 0.3688990776, 0.3701057758, 0.0462632220, 0.2147319246
102, 1, 5, 4, 7, 2, 0.1666666667, 4.2173912486, 0.0819725674, , 1.0000000000, 0.8501988992, 0.1226280718, 0.4385129975, , 0.4001681987, 0.3627391096, 0.0526734919, 0.1844191997, , 0.3977912632, 0.3665243381, 0.0523606197, 0.1833237790, , 0.3857306518, 0.3857306518, 0.0507731010, 0.1777655954, , 0.3977422534, 0.3666023853, 0.0523541687, 0.1833011926
103, 1, 5, 4, 8, 2, 0.1428571429, 4.2609755478, 0.0984070693, , 1.0000000000, 0.8668743926, 0.1145101127, 0.4553876480, , 0.3942421243, 0.3675396665, 0.0488838686, 0.1893343406, , 0.3899028893, 0.3745008557, 0.0483458272, 0.1872504278, , 0.3839886827, 0.3839886827, 0.0476124979, 0.1844101367, , 0.3851783829, 0.3820801140, 0.0477600142, 0.1849814889
104, 1, 5, 5, 7, 3, 0.25, 4.1667076010, 0.0628610863, , 1.0000000000, 0.9074728945, 0.1295401222, 0.3223068191, , 0.4126584140, 0.3923167499, 0.0563504660, 0.1386743702, , 0.4117786439, 0.3936123045, 0.0562303292, 0.1383787224, , 0.4031023249, 0.4063891039, 0.0550455366, 0.1354630346, , 0.4044316022, 0.4044316022, 0.0552270558, 0.1359097399
105, 1, 5, 5, 8, 3, 0.25, 4.1655356890, 0.0624191889, , 1.0000000000, 0.9365544249, 0.1254615397, 0.3203347132, , 0.4086957673, 0.4006746781, 0.0539305700, 0.1366989846, , 0.4054436675, 0.4054436675, 0.0535014303, 0.1356112348, , 0.3964956431, 0.4185653536, 0.0523206692, 0.1326183341, , 0.4048808681, 0.4062689755, 0.0534271645, 0.1354229918
106, 1, 5, 5, 8, 3, 0.2, 4.2258781074, 0.0851727403, , 1.0000000000, 0.9227204050, 0.1189377864, 0.3416937540, , 0.4058849034, 0.3968779064, 0.0516013129, 0.1456358774, , 0.4022617331, 0.4022617331, 0.0511406889, 0.1443358448, , 0.3902627909, 0.4200914851, 0.0496152289, 0.1400304950, , 0.3995195199, 0.4063365075, 0.0507920634, 0.1433519092
107, 1, 5, 6, 7, 3, 0.25, 4.2173912486, 0.0819725674, , 1.0000000000, 0.8501988992, 0.1226280718, 0.2923419984, , 0.4246561226, 0.3865566506, 0.0561151693, 0.1326720574, , 0.4220187021, 0.3903665758, 0.0557666537, 0.1318480684, , 0.4090707433, 0.4090707433, 0.0540556766, 0.1278028368, , 0.4198449009, 0.3935067729, 0.0554794019, 0.1311689243
108, 1, 5, 7, 7, 4, 0.3333333333, 4.1793322428, 0.0676215093, , 1.0000000000, 0.8920157343, 0.1276839539, 0.2355566770, , 0.4299195829, 0.4047008131, 0.0582924407, 0.1070871633, , 0.4284857531, 0.4066862023, 0.0580980289, 0.1067300156, , 0.4193442371, 0.4193442371, 0.0568585383, 0.1044529874, , 0.4199877791, 0.4184531402, 0.0569457956, 0.1046132851
109, 1, 5, 7, 7, 5, 0.5, 4.0898842435, 0.0338930028, , 1.0000000000, 0.9711742417, 0.1421734126, 0.2011204198, , 0.4257435689, 0.4239495874, 0.0622656451, 0.0880411987, , 0.4249811605, 0.4249811605, 0.0621541417, 0.0878835372, , 0.4189332204, 0.4331642987, 0.0612696212, 0.0866328597, , 0.4207326730, 0.4307295574, 0.0615327939, 0.0870049757
110, 1, 5, 7, 8, 4, 0.3333333333, 4.1781609472, 0.0671798444, , 1.0000000000, 0.9207023191, 0.1236985158, 0.2341380070, , 0.4256290029, 0.4131367643, 0.0557713497, 0.1054628832, , 0.4219517907, 0.4182069559, 0.0552895144, 0.1045517390, , 0.4120183742, 0.4319032898, 0.0539879112, 0.1020904247, , 0.4203775463, 0.4203775463, 0.0550832367, 0.1041616707
111, 1, 5, 7, 8, 4, 0.25, 4.2609755478, 0.0984070693, , 1.0000000000, 0.9020498918, 0.1154232182, 0.2545442235, , 0.4226162089, 0.4091501871, 0.0528880411, 0.1153455628, , 0.4170008662, 0.4170008662, 0.0521853126, 0.1138129551, , 0.4016378357, 0.4384795589, 0.0502627157, 0.1096198897, , 0.4168001209, 0.4172815234, 0.0521601904, 0.1137581653
112, 1, 5, 7, 9, 4, 0.25, 4.2593840060, 0.0978069404, , 1.0000000000, 0.9274254583, 0.1123724593, 0.2528708931, , 0.4190472625, 0.4164098759, 0.0508767864, 0.1136660752, , 0.4179449800, 0.4179449800, 0.0507429576, 0.1133670824, , 0.4023570102, 0.4396537132, 0.0488504126, 0.1091388640, , 0.4036074900, 0.4379122207, 0.0490022341, 0.1094780552
113, 1, 5, 8, 7, 4, 0.3333333333, 4.2173912486, 0.0819725674, , 1.0000000000, 0.8501988992, 0.1226280718, 0.2192564988, , 0.4383094812, 0.3999527196, 0.0580533028, 0.1036844964, , 0.4355133115, 0.4037806861, 0.0576829552, 0.1030230472, , 0.4221183869, 0.4221183869, 0.0559088215, 0.0998544048, , 0.4319233792, 0.4086953166, 0.0572074751, 0.1021738292
114, 1, 5, 8, 7, 5, 0.5, 4.1158864196, 0.0436977450, , 1.0000000000, 0.9297364106, 0.1369314323, 0.1876866060, , 0.4344861436, 0.4187078564, 0.0618895076, 0.0849164925, , 0.4319486157, 0.4221027748, 0.0615280545, 0.0844205550, , 0.4277371835, 0.4277371835, 0.0609281655, 0.0835974676, , 0.4282682468, 0.4270266822, 0.0610038117, 0.0837012593
115, 1, 5, 8, 8, 4, 0.3333333333, 4.2162216693, 0.0815315495, , 1.0000000000, 0.8777801151, 0.1188935727, 0.2179967113, , 0.4340511442, 0.4082835682, 0.0555585888, 0.1021066989, , 0.4339889851, 0.4083683059, 0.0555506324, 0.1020920765, , 0.4188934260, 0.4289471951, 0.0536183994, 0.0985409795, , 0.4231476548, 0.4231476548, 0.0541629411, 0.0995417493
116, 1, 5, 8, 8, 5, 0.3333333333, 4.2143744432, 0.0808350087, , 1.0000000000, 0.9365507509, 0.1203661520, 0.2094991165, , 0.4269164599, 0.4231283652, 0.0548779066, 0.0950772683, , 0.4253053629, 0.4253053629, 0.0546708084, 0.0947184658, , 0.4057146342, 0.4517773703, 0.0521525214, 0.0903554741, , 0.4202368424, 0.4321542103, 0.0540192763, 0.0935896710
117, 1, 5, 9, 7, 4, 0.3333333333, 4.2553139730, 0.0962722372, , 1.0000000000, 0.8139967953, 0.1182108736, 0.2055847566, , 0.4454174851, 0.3958375843, 0.0578493857, 0.1008955450, , 0.4419944170, 0.4004806195, 0.0574048086, 0.1001201549, , 0.4243769195, 0.4243769195, 0.0551167049, 0.0961294561, , 0.4413971885, 0.4012906977, 0.0573272425, 0.0999848712
118, 1, 5, 9, 8, 5, 0.3333333333, 4.2489050133, 0.0938555857, , 1.0000000000, 0.8968526845, 0.1162519362, 0.1967547386, , 0.4342476119, 0.4185855823, 0.0547147272, 0.0924520785, , 0.4275512909, 0.4275512909, 0.0538709981, 0.0910264201, , 0.4160755894, 0.4429161153, 0.0524250722, 0.0885832231, , 0.4260954533, 0.4295005129, 0.0536875641, 0.0907164697
119, 1, 5, 9, 9, 5, 0.3333333333, 4.2482899535, 0.0936236627, , 1.0000000000, 0.9224621261, 0.1131907317, 0.1955415743, , 0.4303987329, 0.4258999406, 0.0526320624, 0.0910692641, , 0.4284711303, 0.4284711303, 0.0523963421, 0.0906613973, , 0.4107686649, 0.4520840865, 0.0502315652, 0.0869156834, , 0.4180875676, 0.4423215520, 0.0511265700, 0.0884643104
120, 1, 6, 3, 8, 2, 0.1666666667, 4.1031411408, 0.0388918329, , 1.0000000000, 0.9388581995, 0.1176385525, 0.4861505421, , 0.3874983411, 0.3736926969, 0.0470365113, 0.1917724508, , 0.3864936920, 0.3753164950, 0.0469145619, 0.1912752511, , 0.3822215267, 0.3822215267, 0.0463959848, 0.1891609618, , 0.3837178741, 0.3798030046, 0.0465776190, 0.1899015023
121, 1, 6, 3, 9, 2, 0.1428571429, 4.1341873483, 0.0505985476, , 1.0000000000, 0.9577421963, 0.1101560079, 0.5051697015, , 0.3817480561, 0.3777490928, 0.0436969547, 0.1968058963, , 0.3802275401, 0.3802275401, 0.0435229082, 0.1960220115, , 0.3757870588, 0.3874655430, 0.0430146266, 0.1937327715, , 0.3759125773, 0.3872609474, 0.0430289942, 0.1937974811
122, 1, 6, 3, 9, 2, 0.125, 4.1664047899, 0.0627469042, , 1.0000000000, 0.9508254609, 0.1067290816, 0.5250682798, , 0.3794927651, 0.3748440259, 0.0424300260, 0.2032331831, , 0.3777367654, 0.3777367654, 0.0422336926, 0.2022927767, , 0.3678601658, 0.3940069445, 0.0411294176, 0.1970034722, , 0.3768449738, 0.3792058548, 0.0421339839, 0.2018151875
123, 1, 6, 3, 9, 2, 0.1111111111, 4.1990290086, 0.0750486458, , 1.0000000000, 0.9446374419, 0.1037989737, 0.5438659082, , 0.3774024128, 0.3721804225, 0.0413758428, 0.2090413220, , 0.3773261315, 0.3723073184, 0.0413674798, 0.2089990702, , 0.3608390966, 0.3997339669, 0.0395599531, 0.1998669834, , 0.3754418590, 0.3754418590, 0.0411609010, 0.2079553810
124, 1, 6, 4, 8, 3, 0.25, 4.0820086816, 0.0309233339, , 1.0000000000, 0.9751999950, 0.1215623817, 0.3443585991, , 0.4048365974, 0.4028797599, 0.0504292652, 0.1418543775, , 0.4046122960, 0.4032105969, 0.0504013246, 0.1417757825, , 0.3958572205, 0.4161240360, 0.0493107315, 0.1387080120, , 0.4040459451, 0.4040459451, 0.0503307760, 0.1415773337
125, 1, 6, 4, 9, 2, 0.125, 4.2469123930, 0.0931042206, , 1.0000000000, 0.8570982527, 0.0980026448, 0.4504495679, , 0.3999391359, 0.3678676536, 0.0424337612, 0.1897594493, , 0.3953330141, 0.3751479578, 0.0419450492, 0.1875739789, , 0.3875110811, 0.3875110811, 0.0411151378, 0.1838627000, , 0.3944032146, 0.3766175723, 0.0418463969, 0.1871328162
126, 1, 6, 5, 8, 3, 0.25, 4.1252322987, 0.0472218321, , 1.0000000000, 0.9066048855, 0.1141305506, 0.3067688220, , 0.4204134132, 0.3958022455, 0.0500853429, 0.1336989984, , 0.4183715518, 0.3987367097, 0.0498420887, 0.1330496498, , 0.4103150800, 0.4103150800, 0.0488822926, 0.1304875474, , 0.4181991534, 0.3989844722, 0.0498215503, 0.1329948241
127, 1, 6, 5, 9, 3, 0.2, 4.1758393549, 0.0663044325, , 1.0000000000, 0.9198519278, 0.1051313883, 0.3250398195, , 0.4138110821, 0.3996508926, 0.0460065119, 0.1405315134, , 0.4080332539, 0.4080332539, 0.0453641470, 0.1385693452, , 0.4049255388, 0.4125418669, 0.0450186388, 0.1375139556, , 0.4079336899, 0.4081776994, 0.0453530777, 0.1385355330
128, 1, 6, 5, 9, 3, 0.1666666667, 4.2277239245, 0.0858687498, , 1.0000000000, 0.9091823511, 0.1006416078, 0.3429383853, , 0.4111995881, 0.3964117538, 0.0443936348, 0.1479950233, , 0.4099161572, 0.3982956658, 0.0442550740, 0.1475331031, , 0.3925258326, 0.4238224313, 0.0423775922, 0.1412741438, , 0.4052074475, 0.4052074475, 0.0437467156, 0.1458383893
129, 1, 6, 6, 8, 4, 0.3333333333, 4.1031411408, 0.0388918329, , 1.0000000000, 0.9388581995, 0.1176385525, 0.2430752711, , 0.4274065566, 0.4134129198, 0.0520422332, 0.1071382904, , 0.4261600617, 0.4151236512, 0.0518904564, 0.1068258307, , 0.4210320299, 0.4221615339, 0.0512660527, 0.1055403835, , 0.4215081250, 0.4215081250, 0.0513240234, 0.1056597265
130, 1, 6, 6, 9, 3, 0.2, 4.2277239245, 0.0858687498, , 1.0000000000, 0.8614403454, 0.0995583038, 0.2948222927, , 0.4258688130, 0.3937889151, 0.0458493875, 0.1344928843, , 0.4217818574, 0.3996065701, 0.0454093825, 0.1332021900, , 0.4126316324, 0.4126316324, 0.0444242617, 0.1303124735, , 0.4179874209, 0.4050078331, 0.0450008703, 0.1320038757
131, 1, 6, 6, 9, 4, 0.3333333333, 4.1031411408, 0.0388918329, , 1.0000000000, 0.9656043942, 0.1142764447, 0.2419796797, , 0.4232584055, 0.4209620957, 0.0500277825, 0.1057517163, , 0.4223947057, 0.4221436787, 0.0499256959, 0.1055359197, , 0.4112147693, 0.4374383706, 0.0486042634, 0.1027425966, , 0.4222886998, 0.4222886998, 0.0499131664, 0.1055094340
132, 1, 6, 6, 9, 4, 0.25, 4.1664047899, 0.0627469042, , 1.0000000000, 0.9508254609, 0.1067290816, 0.2625341399, , 0.4204713204, 0.4171766924, 0.0472369703, 0.1151150168, , 0.4190905729, 0.4190905729, 0.0470818531, 0.1147370011, , 0.4030269537, 0.4413566614, 0.0452772195, 0.1103391654, , 0.4171524387, 0.4217770576, 0.0468641175, 0.1142063862
133, 1, 6, 7, 8, 4, 0.3333333333, 4.1364976259, 0.0514696930, , 1.0000000000, 0.8917683247, 0.1125089821, 0.2242393441, , 0.4376144006, 0.4077757025, 0.0517292448, 0.1028806521, , 0.4359808215, 0.4099864278, 0.0515361437, 0.1024966069, , 0.4249348965, 0.4249348965, 0.0502304340, 0.0998997729, , 0.4349791854, 0.4113419436, 0.0514177430, 0.1022611280
134, 1, 6, 7, 9, 4, 0.25, 4.2065464790, 0.0778832877, , 1.0000000000, 0.9001678024, 0.1020383225, 0.2420212488, , 0.4305519303, 0.4115845298, 0.0470562802, 0.1108072597, , 0.4254793687, 0.4185169658, 0.0465018851, 0.1095017804, , 0.4173452449, 0.4296334978, 0.0456128829, 0.1074083744, , 0.4225374924, 0.4225374924, 0.0461803588, 0.1087446563
135, 1, 6, 8, 8, 6, 0.5, 4.0820086816, 0.0309233339, , 1.0000000000, 0.9751999950, 0.1215623817, 0.1721792995, , 0.4351119945, 0.4337390439, 0.0543043436, 0.0768446180, , 0.4348094953, 0.4341327207, 0.0542665901, 0.0767911940, , 0.4235372863, 0.4488025343, 0.0528597571, 0.0748004224, , 0.4345154263, 0.4345154263, 0.0542298887, 0.0767392588
136, 1, 6, 8, 9, 4, 0.25, 4.2469123930, 0.0931042206, , 1.0000000000, 0.8570982527, 0.0980026448, 0.2252247840, , 0.4389463819, 0.4067827062, 0.0469052398, 0.1073656721, , 0.4323042636, 0.4157592455, 0.0461954717, 0.1057410193, , 0.4252681936, 0.4252681936, 0.0454436064, 0.1040200064, , 0.4292118644, 0.4199384909, 0.0458650220, 0.1049846227
137, 1, 6, 8, 9, 5, 0.3333333333, 4.1655356890, 0.0624191889, , 1.0000000000, 0.9331090901, 0.1063854290, 0.1992642532, , 0.4346765425, 0.4252435279, 0.0488395875, 0.0912403421, , 0.4306145492, 0.4306145492, 0.0483831882, 0.0903877135, , 0.4216238348, 0.4425026332, 0.0473730053, 0.0885005266, , 0.4285429109, 0.4333537987, 0.0481504221, 0.0899528683
138, 1, 6, 9, 8, 6, 0.5, 4.1031411408, 0.0388918329, , 1.0000000000, 0.9388581995, 0.1176385525, 0.1620501807, , 0.4428077771, 0.4288259697, 0.0539871709, 0.0743790822, , 0.4414519027, 0.4305749008, 0.0538218626, 0.0741513340, , 0.4352139364, 0.4386212010, 0.0530613291, 0.0731035335, , 0.4367018953, 0.4367018953, 0.0532427412, 0.0733534682
139, 1, 6, 9, 9, 5, 0.3333333333, 4.1965624410, 0.0741185675, , 1.0000000000, 0.8950262137, 0.1027722249, 0.1872114309, , 0.4421179470, 0.4206177843, 0.0486532338, 0.0886110349, , 0.4346159029, 0.4304489865, 0.0478276652, 0.0871074454, , 0.4324156679, 0.4333323280, 0.0475855385, 0.0866664656, , 0.4328124098, 0.4328124098, 0.0476291983, 0.0867459822
140, 1, 6, 9, 9, 6, 0.5, 4.1031411408, 0.0388918329, , 1.0000000000, 0.9656043942, 0.1142764447, 0.1613197865, , 0.4383012228, 0.4364613960, 0.0518757298, 0.0733616513, , 0.4374963054, 0.4374963054, 0.0517804628, 0.0732269265, , 0.4253616481, 0.4530982419, 0.0503442491, 0.0711958610, , 0.4366817832, 0.4385435639, 0.0516840589, 0.0730905940
141, 1, 6, 9, 9, 6, 0.3333333333, 4.1990290086, 0.0750486458, , 1.0000000000, 0.9446374419, 0.1037989737, 0.1812886361, , 0.4355916758, 0.4326412193, 0.0481366804, 0.0836304245, , 0.4353353049, 0.4329751427, 0.0481083492, 0.0835812032, , 0.4074219792, 0.4693322894, 0.0450236832, 0.0782220482, , 0.4343102623, 0.4343102623, 0.0479950730, 0.0833844024
142, 1, 7, 4, 9, 3, 0.25, 4.0576377372, 0.0217336867, , 1.0000000000, 0.9723225614, 0.1090730066, 0.3304510324, , 0.4108443548, 0.4057834782, 0.0456530545, 0.1377191125, , 0.4087755920, 0.4087755920, 0.0454231735, 0.1370256426, , 0.4078370220, 0.4101330738, 0.0453188795, 0.1367110246, , 0.4087621154, 0.4087950835, 0.0454216759, 0.1370211251
143, 1, 7, 8, 9, 6, 0.5, 4.0576377372, 0.0217336867, , 1.0000000000, 0.9723225614, 0.1090730066, 0.1652255162, , 0.4407780082, 0.4358996624, 0.0490484377, 0.0742738916, , 0.4386381795, 0.4386381795, 0.0488103241, 0.0739133169, , 0.4365246485, 0.4413430411, 0.0485751368, 0.0735571735, , 0.4383511746, 0.4390054836, 0.0487783871, 0.0738649548
144, 1, 9, 8, 6, 2, 0.5, 4.1664047899, 0.0627469042, , 1.0000000000, 0.6348380699, 0.1006033667, 0.2032670524, , 0.5041913348, 0.3311871050, 0.0548733634, 0.1097481968, , 0.5041909642, 0.3311868615, 0.0548740581, 0.1097481161, , 0.5036132392, 0.3308073725, 0.0559570266, 0.1096223617, , 0.5040277841, 0.3310796738, 0.0551799456, 0.1097125965
145, 2, 6, 2, 2, 2, 0.2, 4.2277239245, 0.0858687498, , 1.0000000000, 0.5804232442, 0.1733578611, 0.5133651348, , 0.4464127735, 0.2509081121, 0.0780492341, 0.2246298802, , 0.4479843549, 0.2501958079, 0.0778276598, 0.2239921774, , 0.4582673102, 0.2455351568, 0.0763778850, 0.2198196479, , 0.4754733594, 0.2377366797, 0.0739520361, 0.2128379248
146, 2, 6, 5, 2, 5, 0.5, 4.2277239245, 0.0858687498, , 1.0000000000, 0.5804232442, 0.1733578611, 0.2053460539, , 0.5152066077, 0.2880366703, 0.0900615089, 0.1066952131, , 0.5239046123, 0.2828688105, 0.0884456548, 0.1047809225, , 0.5271057828, 0.2809668570, 0.0878509638, 0.1040763964, , 0.5430214020, 0.2715107010, 0.0848942720, 0.1005736251
147, 2, 7, 3, 8, 2, 0.3333333333, 4.0576377372, 0.0217336867, , 1.0000000000, 0.6609020648, 0.1090730066, 0.3241075205, , 0.4742735217, 0.3157459663, 0.0528378568, 0.1571426553, , 0.4739273993, 0.3155155365, 0.0527992960, 0.1577577682, , 0.4736242231, 0.3153136980, 0.0527655197, 0.1582965591, , 0.4738240907, 0.3154467592, 0.0527877866, 0.1579413636
148, 2, 8, 2, 3, 2, 0.1428571429, 4.2108720760, 0.0795143575, , 1.0000000000, 0.5935635913, 0.1235776266, 0.5175619403, , 0.4528745809, 0.2605322219, 0.0567661846, 0.2298270126, , 0.4535603058, 0.2602056909, 0.0566950382, 0.2295389651, , 0.4565588101, 0.2587778519, 0.0563839329, 0.2282794051, , 0.4878013375, 0.2439006688, 0.0531424109, 0.2151555828
149, 2, 8, 3, 3, 2, 0.25, 4.0820086816, 0.0309233339, , 1.0000000000, 0.5127153431, 0.1246537965, 0.3531158745, , 0.5036200905, 0.2561320247, 0.0631373687, 0.1771105161, , 0.5043530823, 0.2557538009, 0.0630441353, 0.1768489815, , 0.5078740073, 0.2539370037, 0.0625962889, 0.1755927001, , 0.5170045973, 0.2492256194, 0.0614349175, 0.1723348658
150, 2, 8, 4, 3, 3, 0.3333333333, 4.1031411408, 0.0388918329, , 1.0000000000, 0.5325617865, 0.1252995953, 0.2589052012, , 0.5233759525, 0.2750592485, 0.0660399369, 0.1355248620, , 0.5257205731, 0.2737061704, 0.0657150716, 0.1348581849, , 0.5321360021, 0.2700038329, 0.0648261645, 0.1330340005, , 0.5357901063, 0.2678950531, 0.0643198602, 0.1319949804
151, 2, 8, 6, 3, 4, 0.5, 4.0820086816, 0.0309233339, , 1.0000000000, 0.5127153431, 0.1246537965, 0.1765579373, , 0.5522487156, 0.2806333385, 0.0692654800, 0.0978524660, , 0.5530867334, 0.2801081010, 0.0691358417, 0.0976693239, , 0.5562504320, 0.2781252160, 0.0686464291, 0.0969779229, , 0.5673340804, 0.2711784102, 0.0669318294, 0.0945556801
152, 2, 8, 6, 3, 5, 0.5, 4.1252322987, 0.0472218321, , 1.0000000000, 0.5515081685, 0.1258878618, 0.1691855112, , 0.5439840845, 0.2942706783, 0.0690715628, 0.0926736745, , 0.5478671899, 0.2917648796, 0.0684833987, 0.0918845317, , 0.5494171950, 0.2907646491, 0.0682486234, 0.0915695325, , 0.5634361775, 0.2817180887, 0.0661252041, 0.0887205297
153, 2, 8, 7, 3, 7, 0.5, 4.2108720760, 0.0795143575, , 1.0000000000, 0.5935635913, 0.1235776266, 0.1478748401, , 0.5413874692, 0.3094579016, 0.0678901689, 0.0812644604, , 0.5421812727, 0.3089222669, 0.0677726591, 0.0811238013, , 0.5536460248, 0.3011861980, 0.0660754879, 0.0790922893, , 0.5743847133, 0.2871923566, 0.0630054605, 0.0754174696
154, 2, 8, 7, 3, 8, 0.5, 4.2535505084, 0.0956072807, , 1.0000000000, 0.6234844101, 0.1244857528, 0.1443850951, , 0.5356408777, 0.3176070766, 0.0678074457, 0.0789446001, , 0.5387857536, 0.3154560801, 0.0673482192, 0.0784099472, , 0.5433901509, 0.3123068167, 0.0666758680, 0.0776271644, , 0.5776915166, 0.2888457583, 0.0616670550, 0.0717956701
155, 2, 9, 2, 3, 2, 0.125, 4.2469123930, 0.0931042206, , 1.0000000000, 0.5833636907, 0.1143423691, 0.5255518448, , 0.4562316010, 0.2570004651, 0.0529689704, 0.2337989634, , 0.4623427881, 0.2541121437, 0.0523736742, 0.2311713940, , 0.4671492508, 0.2518404722, 0.0519054723, 0.2291048047, , 0.4859291303, 0.2429645652, 0.0500761073, 0.2210301972
156, 2, 9, 3, 3, 3, 0.2, 4.2277239245, 0.0858687498, , 1.0000000000, 0.5804232442, 0.1155719074, 0.3422434232, , 0.4955902827, 0.2777109287, 0.0580778757, 0.1686209128, , 0.5007191234, 0.2748871625, 0.0574873396, 0.1669063745, , 0.5089041845, 0.2703807447, 0.0565449094, 0.1641701614, , 0.5240661542, 0.2620330771, 0.0547991560, 0.1591016128
157, 2, 9, 4, 3, 3, 0.3333333333, 4.1031411408, 0.0388918329, , 1.0000000000, 0.5178104025, 0.1183470637, 0.2505991907, , 0.5314531613, 0.2717846662, 0.0633235504, 0.1334386222, , 0.5325289653, 0.2711606367, 0.0631781567, 0.1331322413, , 0.5370621949, 0.2685310974, 0.0625654961, 0.1318412116, , 0.5488055545, 0.2617192596, 0.0609783949, 0.1284967909
158, 2, 9, 4, 3, 3, 0.25, 4.1664047899, 0.0627469042, , 1.0000000000, 0.5258588674, 0.1122488679, 0.2761118110, , 0.5248365944, 0.2709891524, 0.0596514081, 0.1445228451, , 0.5304830423, 0.2677689420, 0.0589425603, 0.1428054555, , 0.5328444397, 0.2664222198, 0.0586461134, 0.1420872270, , 0.5488618595, 0.2572873686, 0.0566353070, 0.1372154649
159, 2, 9, 4, 3, 4, 0.25, 4.2469123930, 0.0931042206, , 1.0000000000, 0.5833636907, 0.1143423691, 0.2627759224, , 0.5154746359, 0.2890399711, 0.0598598287, 0.1356255642, , 0.5264902821, 0.2824686700, 0.0584989202, 0.1325421277, , 0.5282255762, 0.2814334933, 0.0582845364, 0.1320563941, , 0.5440213208, 0.2720106604, 0.0563330791, 0.1276349397
160, 2, 9, 5, 3, 4, 0.3333333333, 4.1655356890, 0.0624191889, , 1.0000000000, 0.5358430277, 0.1140117807, 0.2135487214, , 0.5393478978, 0.2828540601, 0.0622029084, 0.1155951337, , 0.5485919571, 0.2771779334, 0.0609546619, 0.1132754476, , 0.5511789213, 0.2755894606, 0.0606053382, 0.1126262799, , 0.5564800833, 0.2723343898, 0.0598895102, 0.1112960167
161, 2, 9, 5, 3, 5, 0.3333333333, 4.2277239245, 0.0858687498, , 1.0000000000, 0.5804232442, 0.1155719074, 0.2053460539, , 0.5310404277, 0.2967303317, 0.0622470929, 0.1099821477, , 0.5397259421, 0.2912346436, 0.0610942259, 0.1079451884, , 0.5443381925, 0.2883162799, 0.0604820214, 0.1068635063, , 0.5585931475, 0.2792965737, 0.0585898977, 0.1035203811
162, 2, 9, 6, 3, 5, 0.3333333333, 4.2277239245, 0.0858687498, , 1.0000000000, 0.5499446831, 0.1106946343, 0.1885971416, , 0.5445437575, 0.2906410018, 0.0613584363, 0.1034568044, , 0.5480159752, 0.2884252701, 0.0608906639, 0.1026680907, , 0.5606834761, 0.2803417381, 0.0591841157, 0.0997906702, , 0.5767910397, 0.2700629934, 0.0570141269, 0.0961318400
163, 2, 9, 7, 3, 5, 0.5, 4.1238814143, 0.0467124488, , 1.0000000000, 0.5135831575, 0.1147068889, 0.1520504428, , 0.5632987817, 0.2852094339, 0.0652133185, 0.0862784659, , 0.5663861497, 0.2831930748, 0.0647522767, 0.0856684988, , 0.5733761009, 0.2786279398, 0.0637084557, 0.0842875037, , 0.5803574526, 0.2740684211, 0.0626659188, 0.0829082075
164, 2, 9, 7, 3, 6, 0.5, 4.1657840758, 0.0625128491, , 1.0000000000, 0.5465574587, 0.1158798381, 0.1471072308, , 0.5558838640, 0.2963310329, 0.0651271485, 0.0826579546, , 0.5657507955, 0.2897474441, 0.0636802182, 0.0808215422, , 0.5689282975, 0.2876272950, 0.0632142553, 0.0802301523, , 0.5716382392, 0.2858191196, 0.0628168575, 0.0797257837
165, 2, 9, 7, 3, 7, 0.5, 4.2085683386, 0.0786456782, , 1.0000000000, 0.5773405346, 0.1169084516, 0.1431016007, , 0.5493091972, 0.3057947863, 0.0650609764, 0.0798350400, , 0.5535664249, 0.3029062471, 0.0644464101, 0.0790809178, , 0.5650708516, 0.2951004661, 0.0627856502, 0.0770430321, , 0.5757327225, 0.2878663613, 0.0612465202, 0.0751543961
166, 2, 9, 7, 7, 2, 0.1666666667, 4.2059271116, 0.0776497404, , 1.0000000000, 0.4539317430, 0.0674444297, 0.2415805369, , 0.5468422211, 0.2704631849, 0.0401764006, 0.1425181934, , 0.5452294728, 0.2726147364, 0.0400579123, 0.1420978785, , 0.5389874481, 0.2809421600, 0.0395993118, 0.1404710800, , 0.5410146176, 0.2782377333, 0.0397482476, 0.1409994016
167, 2, 9, 7, 7, 2, 0.1428571429, 4.2525903253, 0.0952452207, , 1.0000000000, 0.4490323183, 0.0649863175, 0.2528069760, , 0.5427957996, 0.2690825769, 0.0390150962, 0.1491065272, , 0.5415419551, 0.2707709776, 0.0389249723, 0.1487620950, , 0.5274314691, 0.2897718618, 0.0379107383, 0.1448859309, , 0.5406208299, 0.2720113455, 0.0388587636, 0.1485090610
168, 2, 9, 8, 3, 6, 0.5, 4.1664047899, 0.0627469042, , 1.0000000000, 0.5258588674, 0.1122488679, 0.1380559055, , 0.5653428188, 0.2914510915, 0.0643100107, 0.0788960790, , 0.5711102185, 0.2875838715, 0.0634566909, 0.0778492190, , 0.5728434168, 0.2864217084, 0.0632002544, 0.0775346204, , 0.5921874140, 0.2734509597, 0.0603381996, 0.0740234267
169, 2, 9, 8, 3, 7, 0.5, 4.2065464790, 0.0778832877, , 1.0000000000, 0.5554519931, 0.1133547792, 0.1344311850, , 0.5587371748, 0.3008249120, 0.0642627930, 0.0761751202, , 0.5672315378, 0.2950339959, 0.0630257264, 0.0747087398, , 0.5768937835, 0.2884468917, 0.0616185766, 0.0730407482, , 0.5800151953, 0.2863189118, 0.0611639935, 0.0725018994
170, 2, 9, 8, 3, 8, 0.5, 4.2469123930, 0.0931042206, , 1.0000000000, 0.5833636907, 0.1143423691, 0.1313879612, , 0.5528347127, 0.3089586738, 0.0642272198, 0.0739793937, , 0.5638306576, 0.3013612760, 0.0626478508, 0.0721602155, , 0.5696197312, 0.2973614474, 0.0618163549, 0.0712024664, , 0.5801590669, 0.2900795334, 0.0603025697, 0.0694588300
171, 2, 9, 9, 6, 3, 0.3333333333, 4.1031411408, 0.0388918329, , 1.0000000000, 0.4694290997, 0.0784257017, 0.1620501807, , 0.5736440678, 0.2819223326, 0.0471312954, 0.0973023042, , 0.5731480426, 0.2825432483, 0.0470905414, 0.0972181677, , 0.5679730951, 0.2890211577, 0.0466653614, 0.0963403859, , 0.5708470876, 0.2854235438, 0.0469014921, 0.0968278765
172, 3, 4, 2, 1, 1, 0.3333333333, 4.1031411408, 0.0388918329, , 1.0000000000, 0.3550411910, 0.2505991907, 0.5178104025, , 0.4725184907, 0.1670028590, 0.1186090261, 0.2418696242, , 0.4735280605, 0.1666832250, 0.1183820151, 0.2414066994, , 0.4783715571, 0.1651497536, 0.1172929108, 0.2391857785, , 0.4871301957, 0.1623767319, 0.1153234510, 0.2351696214
173, 3, 5, 2, 1, 1, 0.25, 4.1655356890, 0.0624191889, , 1.0000000000, 0.3420353421, 0.2135487214, 0.5358430277, , 0.4807871262, 0.1636598648, 0.1030032861, 0.2525497229, , 0.4860257920, 0.1620085973, 0.1019640210, 0.2500015897, , 0.4931107790, 0.1597753553, 0.1005584763, 0.2465553895, , 0.4979712219, 0.1582433065, 0.0995942444, 0.2441912272
174, 3, 5, 2, 1, 1, 0.2, 4.2277239245, 0.0858687498, , 1.0000000000, 0.3467157222, 0.2053460539, 0.5804232442, , 0.4735881878, 0.1631004434, 0.0980373461, 0.2652740227, , 0.4817318097, 0.1605772699, 0.0965207026, 0.2611702179, , 0.4821831922, 0.1604374161, 0.0964366384, 0.2609427533, , 0.5019566652, 0.1543109156, 0.0927540865, 0.2509783326
175, 3, 5, 4, 1, 2, 0.5, 4.1655356890, 0.0624191889, , 1.0000000000, 0.3420353421, 0.2135487214, 0.2679215139, , 0.5488217934, 0.1867041953, 0.1175882356, 0.1468857756, , 0.5538590780, 0.1846196927, 0.1162753943, 0.1452458350, , 0.5656407521, 0.1797442622, 0.1132047977, 0.1414101880, , 0.5658071505, 0.1796754041, 0.1131614301, 0.1413560153
176, 4, 6, 2, 1, 1, 0.2, 4.2277239245, 0.0858687498, , 1.0000000000, 0.2902116221, 0.1733578611, 0.5133651348, , 0.5087197139, 0.1467179068, 0.0892025882, 0.2553597911, , 0.5097002488, 0.1464250760, 0.0890245508, 0.2548501244, , 0.5214005952, 0.1429308378, 0.0869000992, 0.2487684678, , 0.5443311096, 0.1360827774, 0.0827365671, 0.2368495459
177, 4, 6, 3, 1, 1, 0.3333333333, 4.1031411408, 0.0388918329, , 1.0000000000, 0.2505991907, 0.1726034675, 0.3550411910, , 0.5625443442, 0.1412038993, 0.0975737165, 0.1986780400, , 0.5635356651, 0.1408839163, 0.0973526041, 0.1982278144, , 0.5723369534, 0.1380429970, 0.0953894922, 0.1942305574, , 0.5767198998, 0.1366282499, 0.0944118837, 0.1922399666
178, 4, 6, 5, 1, 2, 0.5, 4.1655356890, 0.0624191889, , 1.0000000000, 0.2679215139, 0.1710176711, 0.2135487214, , 0.6044512979, 0.1617462266, 0.1042622416, 0.1295402339, , 0.6126333158, 0.1584004679, 0.1021055526, 0.1268606637, , 0.6205890162, 0.1551472540, 0.1000085184, 0.1242552114, , 0.6208495080, 0.1550407348, 0.0999398557, 0.1241699016
179, 4, 7, 5, 1, 2, 0.5, 4.1664941603, 0.0627806034, , 1.0000000000, 0.2581702633, 0.1589058955, 0.2042943678, , 0.6155861525, 0.1591232709, 0.0986739673, 0.1266166093, , 0.6221965396, 0.1563869844, 0.0969771680, 0.1244393079, , 0.6234584802, 0.1558646200, 0.0966532445, 0.1240236553, , 0.6424495002, 0.1480035265, 0.0917785000, 0.1177684733
180, 5, 7, 3, 1, 1, 0.25, 4.1667076010, 0.0628610863, , 1.0000000000, 0.2203922577, 0.1427482000, 0.3551696376, , 0.5822589335, 0.1286518009, 0.0841385373, 0.2049507283, , 0.5850436342, 0.1277941961, 0.0835776620, 0.2035845077, , 0.5954447059, 0.1245909759, 0.0814827496, 0.1984815686, , 0.6062761183, 0.1212552237, 0.0793011609, 0.1931674972
181, 5, 7, 6, 1, 2, 0.5, 4.1667076010, 0.0628610863, , 1.0000000000, 0.2203922577, 0.1427482000, 0.1775848188, , 0.6473712779, 0.1431304020, 0.0936154064, 0.1158829136, , 0.6501479024, 0.1420033827, 0.0928782718, 0.1149704431, , 0.6634985167, 0.1365844288, 0.0893339684, 0.1105830861, , 0.6699100607, 0.1339820121, 0.0876318402, 0.1084760870
182, 5, 8, 1, 3, 1, 0.2, 4.2258781074, 0.0851727403, , 1.0000000000, 0.3487536748, 0.1114145777, 0.5907931112, , 0.4732742853, 0.1767480312, 0.0580954783, 0.2918822052, , 0.4731413502, 0.1766983855, 0.0583600440, 0.2918002202, , 0.4727713477, 0.1765602051, 0.0590964185, 0.2915720287, , 0.4728862670, 0.1766031226, 0.0588677075, 0.2916429028
183, 5, 8, 3, 1, 1, 0.25, 4.1655356890, 0.0624191889, , 1.0000000000, 0.2135487214, 0.1339607569, 0.3420353421, , 0.5917801028, 0.1268499844, 0.0801798360, 0.2011900767, , 0.5965369831, 0.1253718345, 0.0792455213, 0.1988456610, , 0.6084108244, 0.1216821649, 0.0769133404, 0.1929936704, , 0.6110926898, 0.1208488038, 0.0763865862, 0.1916719203
184, 5, 8, 3, 1, 1, 0.2, 4.2258781074, 0.0851727403, , 1.0000000000, 0.2167503817, 0.1288990531, 0.3703112581, , 0.5837328696, 0.1270048708, 0.0765071220, 0.2127551375, , 0.5951985101, 0.1235066552, 0.0743998138, 0.2068950209, , 0.6040421362, 0.1208084272, 0.0727744143, 0.2023750222, , 0.6052590950, 0.1204371280, 0.0725507454, 0.2017530317
185, 5, 8, 6, 1, 2, 0.5, 4.1655356890, 0.0624191889, , 1.0000000000, 0.2135487214, 0.1339607569, 0.1710176711, , 0.6567617071, 0.1408151569, 0.0890526130, 0.1133705231, , 0.6646299681, 0.1375871651, 0.0870112056, 0.1107716613, , 0.6722680423, 0.1344536085, 0.0850295197, 0.1082488296, , 0.6748588048, 0.1333907357, 0.0843573506, 0.1073931089
186, 5, 8, 7, 1, 2, 0.5, 4.1664941603, 0.0627806034, , 1.0000000000, 0.2042943678, 0.1290851316, 0.1589058955, , 0.6679644665, 0.1374257846, 0.0874463384, 0.1071634105, , 0.6742080913, 0.1348416183, 0.0858019900, 0.1051483005, , 0.6781373355, 0.1332153482, 0.0847671669, 0.1038801494, , 0.6931788469, 0.1269898352, 0.0808057683, 0.0990255496
187, 5, 9, 3, 1, 1, 0.2, 4.2252621379, 0.0849404743, , 1.0000000000, 0.2107769632, 0.1219907409, 0.3578202179, , 0.5918887306, 0.1254946917, 0.0733829898, 0.2092335879, , 0.6059122364, 0.1211824473, 0.0708614060, 0.2020439104, , 0.6059987176, 0.1211558542, 0.0708458557, 0.2019995725, , 0.6180729530, 0.1174430127, 0.0686747726, 0.1958092617
188, 5, 9, 6, 1, 2, 0.5, 4.1682681348, 0.0634495229, , 1.0000000000, 0.2074177706, 0.1266189904, 0.1652680614, , 0.6645989127, 0.1388318288, 0.0853311933, 0.1112380652, , 0.6655452452, 0.1384401155, 0.0850904318, 0.1109242075, , 0.6742287852, 0.1348457570, 0.0828812057, 0.1080442521, , 0.6960244594, 0.1258239219, 0.0773360510, 0.1008155676
189, 5, 9, 7, 1, 2, 0.5, 4.1669193059, 0.0629409147, , 1.0000000000, 0.1986768486, 0.1220650268, 0.1535642603, , 0.6758766822, 0.1354311491, 0.0836887792, 0.1050033895, , 0.6762907268, 0.1352581454, 0.0835818727, 0.1048692551, , 0.6939770360, 0.1278681273, 0.0790152601, 0.0991395766, , 0.6991398873, 0.1257108901, 0.0776822097, 0.0974670129
190, 6, 8, 4, 1, 1, 0.3333333333, 4.1031411408, 0.0388918329, , 1.0000000000, 0.1775205955, 0.1252995953, 0.2589052012, , 0.6394788494, 0.1140859598, 0.0808563611, 0.1655788296, , 0.6421171758, 0.1132510685, 0.0802646470, 0.1643671088, , 0.6475280639, 0.1115388073, 0.0790511128, 0.1618820160, , 0.6550158686, 0.1091693114, 0.0773717755, 0.1584430445
191, 6, 9, 3, 1, 1, 0.2, 4.2277239245, 0.0858687498, , 1.0000000000, 0.1934744147, 0.1155719074, 0.3422434232, , 0.6052037883, 0.1178313236, 0.0713635583, 0.2056013298, , 0.6097309873, 0.1164801307, 0.0705452196, 0.2032436624, , 0.6193151061, 0.1136196437, 0.0688127896, 0.1982524606, , 0.6416755400, 0.1069459233, 0.0647709065, 0.1866076302
192, 6, 9, 4, 1, 1, 0.3333333333, 4.1031411408, 0.0388918329, , 1.0000000000, 0.1726034675, 0.1183470637, 0.2505991907, , 0.6476307238, 0.1124249811, 0.0773416346, 0.1626026605, , 0.6486075660, 0.1121133152, 0.0771272272, 0.1621518915, , 0.6568675617, 0.1094779270, 0.0753142384, 0.1583402730, , 0.6639121590, 0.1072303169, 0.0737680177, 0.1550895064
193, 6, 9, 4, 1, 1, 0.25, 4.1664047899, 0.0627469042, , 1.0000000000, 0.1752862891, 0.1122488679, 0.2761118110, , 0.6386068265, 0.1128764700, 0.0727959432, 0.1757207602, , 0.6444928386, 0.1110380505, 0.0716103154, 0.1728587955, , 0.6520555723, 0.1086759287, 0.0700869432, 0.1691815558, , 0.6604329134, 0.1060593749, 0.0683994834, 0.1651082283
194, 6, 9, 7, 1, 2, 0.5, 4.1657840758, 0.0625128491, , 1.0000000000, 0.1821858196, 0.1158798381, 0.1471072308, , 0.6896338242, 0.1265431934, 0.0811395419, 0.1026834405, , 0.6984248188, 0.1229589094, 0.0788412977, 0.0997749741, , 0.7017493768, 0.1216034131, 0.0779721530, 0.0986750571, , 0.7098365519, 0.1183060920, 0.0758579094, 0.0959994467
195, 6, 9, 8, 1, 2, 0.5, 4.1664047899, 0.0627469042, , 1.0000000000, 0.1752862891, 0.1122488679, 0.1380559055, , 0.6988813732, 0.1236719530, 0.0797627454, 0.0976839283, , 0.7044911176, 0.1213679838, 0.0782767908, 0.0958641078, , 0.7113372696, 0.1185562116, 0.0764633265, 0.0936431923, , 0.7218535070, 0.1142371044, 0.0736777002, 0.0902316884
196, 6, 9, 9, 1, 2, 0.5, 4.1707397172, 0.0643814922, , 1.0000000000, 0.1692425170, 0.1089948329, 0.1304812354, , 0.7065316987, 0.1212496748, 0.0786006769, 0.0936179496, , 0.7067880812, 0.1211437476, 0.0785320090, 0.0935361623, , 0.7125583020, 0.1187597170, 0.0769865499, 0.0916954311, , 0.7416720152, 0.1067310644, 0.0691889188, 0.0824080017
197, 7, 9, 7, 1, 2, 0.5, 4.1714481665, 0.0646486299, , 1.0000000000, 0.1692035730, 0.1107003439, 0.1415314372, , 0.7003190095, 0.1197558027, 0.0791126893, 0.1008124985, , 0.7019192500, 0.1191163291, 0.0786902424, 0.1002741786, , 0.7037833211, 0.1183714259, 0.0781981468, 0.0996471062, , 0.7366533682, 0.1052361955, 0.0695207935, 0.0885896429
